<?xml version='1.0' encoding='utf-8' standalone='yes' ?>
<map>
    <string name="ImportSecondName">plot</string>
    <int name="UpdateVersion" value="400" />
    <string name="region">us</string>
    <string name="ImportFirstName">row</string>
    <boolean name="Tips" value="true" />
    <boolean name="TraitsExported" value="false" />
    <string name="lastplot">13RPN00001</string>
    <string name="ImportUniqueName">plot_id</string>
    <boolean name="ImportFieldFinished" value="true" />
    <string name="FieldFile">field_sample</string>
    <string name="language">EN</string>
    <boolean name="TipsConfigured" value="true" />
    <int name="SelectedFieldExpId" value="1" />
    <boolean name="CreateTraitFinished" value="true" />
</map>
